id,subject_type,subject_id,field,value,statement,attribution,source_id,evidence_quote,evidence_date,method,verified_at,confidence,status,supersedes_id,superseded_by,supersede_reason,batch_label,created_at
1,incident,1,occurred_on,2026-09-18,"Trump announced via Truth Social and at an Oval Office appearance that CNN, MS NOW and Politico would be banned from the White House.",,1,"No, no, no, no. I dislike dishonest press, like you. I think you're terrible",2026-09-19,outlet_report,2026-09-22,medium,current,,,,seed-2026-09-22,2026-09-22T20:01:37Z
2,incident,1,stated_justification,"""FICTION and LIES""",Trump characterized the outlets' coverage as fiction and lies as his stated reason for the ban.,,1,FICTION and LIES,2026-09-19,outlet_report,2026-09-22,medium,superseded,,106,correction,seed-2026-09-22,2026-09-22T20:01:38Z
3,incident,1,effect_on_reporting,Hard passes deactivated; reporters denied entry on 2026-09-19,"CNN's, MS NOW's and Politico's White House hard passes were deactivated and their reporters turned away at the gates.",,4,"they said they weren't sure what was going on, but at the end of the day they had to take my badge because it was disabled.",2026-09-19,outlet_report,2026-09-22,medium,current,,,,seed-2026-09-22,2026-09-22T20:01:38Z
4,incident,1,status,Lawsuit filed 2026-09-21; hearing reported for 2026-09-23,"CNN, MS NOW and Politico filed suit against the White House and the President, seeking a declaration the ban is unconstitutional and an injunction restoring access.",,10,filing a lawsuit today to protect our First Amendment rights and defend the principle that the government does not decide what the press reports or publishes.,2026-09-21,outlet_report,2026-09-22,medium,superseded,,107,correction,seed-2026-09-22,2026-09-22T20:01:39Z
5,incident,2,effect_on_reporting,At least 30 outlets lost Pentagon building credentials,Nearly all major U.S. news organizations forfeited their Pentagon badges rather than sign the pledge.,,31,This policy threatens to punish reporters who ask legitimate questions in the course of their daily work.,,outlet_report,2026-09-22,medium,current,,,,seed-2026-09-22,2026-09-22T20:01:45Z
6,incident,3,occurred_on,2025-02-25,The White House announced it would take over press pool selection.,,75,This move tears at the independence of a free press in the United States. It suggests the government will choose the journalists who cover the president.,2025-02-25,official_statement,2026-09-22,medium,current,,,,seed-2026-09-22,2026-09-22T20:01:50Z
7,incident,3,effect_on_reporting,White House now selects pool rotation,"Pool composition, previously set by the WHCA board, is now set by the White House.",,75,"for over a century, working journalists—not government officials—have determined pool rotation procedures",2025-02-25,official_statement,2026-09-22,medium,current,,,,seed-2026-09-22,2026-09-22T20:01:51Z
8,incident,4,stated_justification,"Threat of FCC ""additional work"" for broadcasters",Carr framed the choice for broadcasters as cooperating on Kimmel or facing further FCC scrutiny.,,28,"We can do this the easy way or the hard way. These companies can find ways to change conduct to take action on Kimmel or, you know, there's going to be additional work for the FCC ahead.",2025-09-19,outlet_report,2026-09-22,medium,current,,,,seed-2026-09-22,2026-09-22T20:01:58Z
9,incident,5,stated_justification,Not stated in the sources reviewed,Paramount maintained the underlying lawsuit was without merit rather than conceding to a stated justification.,,82,has maintained that the lawsuit was completely without merit,2025-07-01,outlet_report,2026-09-22,medium,current,,,,seed-2026-09-22,2026-09-22T20:02:07Z
10,incident,7,stated_justification,Leaks undermine DOJ's ability to enforce the law and protect national security,A DOJ memo framed the rescission as necessary to combat leaks.,,27,"Federal government employees intentionally leaking sensitive information to the media undermines the ability of the Department of Justice to uphold the rule of law, protect civil rights, and keep America safe.",2025-04-25,outlet_report,2026-09-22,medium,current,,,,seed-2026-09-22,2026-09-22T20:02:20Z
11,incident,7,effect_on_reporting,Reporters again subject to subpoenas/compelled testimony in leak probes,The rescission reopened the door to compelling journalists' testimony and records in leak investigations.,,27,"By their nature, leak investigations chill newsgathering and reporting in the public interest.",2025-04-25,outlet_report,2026-09-22,medium,current,,,,seed-2026-09-22,2026-09-22T20:02:21Z
12,incident,11,effect_on_reporting,Coverage relies on Palestinian journalists working inside Gaza under direct risk,"With foreign correspondents barred from independent entry, Palestinian journalists carried the bulk of on-the-ground reporting.",,59,ban on independent foreign press access,2026-02-25,outlet_report,2026-09-22,medium,superseded,,112,update,seed-2026-09-22,2026-09-22T20:02:50Z
13,case,1,decided_on,1977-12-15,"The D.C. Circuit decided Sherrill v. Knight on December 15, 1977.",,72,"Decided Dec. 15, 1977",1977-01-01,court_record,2026-09-22,medium,current,,,,seed-2026-09-22,2026-09-22T20:40:25Z
14,case,1,holding,Due process required before denying a White House press pass,"The court held that denying a previously issued White House press pass requires notice of the factual basis, an opportunity to respond, and a final written statement of reasons.",,72,"notice of the factual bases for denial, an opportunity for the applicant to respond to these, and a final written statement of the reasons for denial",1977-01-01,court_record,2026-09-22,medium,current,,,,seed-2026-09-22,2026-09-22T20:40:26Z
15,case,1,status,Controlling precedent,The court held that denial of a White House press pass implicates First Amendment interests and cannot occur without adequate procedural due process.,,72,denial of a pass potentially infringes upon first amendment guarantees. Such impairment of this interest cannot be permitted to occur in the absence of adequate procedural due process.,1977-01-01,court_record,2026-09-22,medium,current,,,,seed-2026-09-22,2026-09-22T20:40:26Z
16,case,1,docket,569 F.2d 124 (D.C. Cir. 1977),"The case is reported as Sherrill v. Knight, 569 F.2d 124 (D.C. Cir. 1977).",,72,"Robert Sherrill v. H. Stuart Knight, Director, United States Secret Service, Etal., Appellants, 569 F.2d 124 (D.C. Cir. 1977)",1977-01-01,court_record,2026-09-22,medium,current,,,,seed-2026-09-22,2026-09-22T20:40:27Z
17,case,2,decided_on,2018-11-16,"Judge Timothy J. Kelly granted CNN's motion for a temporary restraining order on November 16, 2018.",,46,Federal Judge Timothy Kelly ordered the Trump administration on Friday to temporarily reinstate CNN White House correspondent Jim Acosta's press credentials.,2018-11-16,outlet_report,2026-09-22,medium,current,,,,seed-2026-09-22,2026-09-22T20:40:30Z
18,case,2,holding,TRO granted requiring reinstatement of Acosta's pass,Judge Kelly granted CNN's motion for a temporary restraining order requiring the White House to reinstate Acosta's hard pass.,,46,"Timothy Kelly, the federal judge presiding over CNN's case against the president, seemed to accept with that reasoning when he granted CNN's motion for a temporary restraining order on Friday",2018-11-16,outlet_report,2026-09-22,medium,current,,,,seed-2026-09-22,2026-09-22T20:40:30Z
19,case,2,status,"Closed; pass restored, suit dismissed by agreement","The White House told Acosta ""your hard pass is restored,"" and CNN said the lawsuit was ""no longer necessary.""",,48,"your hard pass is restored,",2018-11-19,outlet_report,2026-09-22,medium,current,,,,seed-2026-09-22,2026-09-22T20:40:31Z
20,case,3,decided_on,2025-04-08,"District Judge Trevor N. McFadden granted a preliminary injunction on April 8, 2025 ordering AP's access restored.",,26,"rescind the denial of the AP's access to the Oval Office, Air Force One, and other limited spaces based on the AP's viewpoint when such spaces are made open to other members of the White House press pool.",2025-06-06,court_record,2026-09-22,medium,current,,,,seed-2026-09-22,2026-09-22T20:40:33Z
21,case,3,holding,"D.C. Circuit granted a partial stay, 2-1, on June 6, 2025","A D.C. Circuit panel granted the government's request for a stay pending appeal in part, in a 2-1 decision, on June 6, 2025.",,25,"On June 6, 2025, a panel of the U.S. Court of Appeals for the Circuit of the District of Columbia, composed of judges Cornelia Pillard, Gregory G. Katsas, and Neomi Rao, granted in part a stay pending appeal, in a 2-1 decision.",,outlet_report,2026-09-22,medium,current,,,,seed-2026-09-22,2026-09-22T20:40:34Z
22,case,3,status,"AP retains East Room access; excluded from Oval Office, Air Force One, Mar-a-Lago and Cabinet Room",The Court of Appeals left the preliminary injunction in place only as it concerns AP's access to the East Room.,,25,"Thus, the U.S. Court of Appeals upheld the preliminary injunction to restore AP access only to the extent concerning the East Room.",,outlet_report,2026-09-22,medium,current,,,,seed-2026-09-22,2026-09-22T20:40:35Z
23,case,3,docket,No. 25-5109 (D.C. Cir.); 1:25-cv-00532-TNM (D.D.C.),"The case is docketed as Associated Press v. Taylor Budowich, No. 25-5109 in the D.C. Circuit and 1:25-cv-00532-TNM in the district court.",,26,"Associated Press v. Taylor Budowich, in his official capacity as White House Deputy Chief of Staff, et al.",2025-06-06,court_record,2026-09-22,medium,current,,,,seed-2026-09-22,2026-09-22T20:40:35Z
24,case,4,filed_on,2026-09-21,"CNN, MS NOW and Politico sued the Trump administration on September 21, 2026.",,15,"CNN, MS NOW and Politico on Monday sued President Donald Trump's administration after they were barred from covering the White House over the weekend",2026-09-21,outlet_report,2026-09-22,medium,current,,,,seed-2026-09-22,2026-09-22T20:40:38Z
25,case,4,judge,Timothy Kelly,The case was assigned to U.S. District Judge Timothy Kelly.,,13,"The case has been assigned to U.S. District Judge Timothy Kelly, whom Trump nominated during his first term in the White House.",2026-09-21,outlet_report,2026-09-22,medium,current,,,,seed-2026-09-22,2026-09-22T20:40:39Z
26,case,4,holding,Complaint alleges the ban violates the First and Fifth Amendments,"The complaint states the ban ""could not be a more direct assault on the First Amendment nor a more blatant violation of our most fundamental constitutional principles.""",,13,This ban could not be a more direct assault on the First Amendment nor a more blatant violation of our most fundamental constitutional principles.,2026-09-21,outlet_report,2026-09-22,medium,current,,,,seed-2026-09-22,2026-09-22T20:40:39Z
27,case,4,docket,1:26-cv-03287,"The case is docketed as Cable News Network, Inc. v. Trump, No. 1:26-cv-03287, in the U.S. District Court for the District of Columbia.",,105,"CABLE NEWS NETWORK, INC. v. TRUMP, 1:26-cv-03287",,court_record,2026-09-22,medium,current,,,,seed-2026-09-22,2026-09-22T20:40:40Z
28,incident,12,occurred_on,2025-02-16,The White House began barring AP from the Oval Office and Air Force One.,,19,The Trump administration has indefinitely barred The Associated Press (AP) from the Oval Office and Air Force One after the news agency refused to use the new name “Gulf of America” for the Gulf of Mexico.,2025-02-16,outlet_report,2026-09-22,medium,superseded,,108,correction,seed-2026-09-22,2026-09-22T20:40:43Z
29,incident,12,stated_justification,"AP's refusal to adopt ""Gulf of America"" styling",Access was conditioned on AP adopting the administration's preferred name for the Gulf of Mexico.,,20,We're going to keep them out until such time as they agree that it's the Gulf of America.,2025-02-21,outlet_report,2026-09-22,medium,current,,,,seed-2026-09-22,2026-09-22T20:40:44Z
30,incident,12,effect_on_reporting,AP excluded from Oval Office and Air Force One pool coverage,AP journalists lost access to two of the venues most central to day-to-day presidential coverage.,,24,"Trump and his aides have barred the news service's White House reporters from dozens of events since February, including events limited to the reporting pool",2025-04-08,outlet_report,2026-09-22,medium,current,,,,seed-2026-09-22,2026-09-22T20:40:45Z
31,incident,12,status,Partial stay in place since 2025-06-06,"The D.C. Circuit's partial stay leaves the Oval Office, Air Force One, Mar-a-Lago and Cabinet Room off-limits to AP while preserving its East Room access.",,25,"On June 6, 2025, a panel of the U.S. Court of Appeals for the Circuit of the District of Columbia, composed of judges Cornelia Pillard, Gregory G. Katsas, and Neomi Rao, granted in part a stay pending appeal, in a 2-1 decision.",,outlet_report,2026-09-22,medium,current,,,,seed-2026-09-22,2026-09-22T20:40:45Z
32,incident,13,occurred_on,2025-09-21,The Pentagon issued the new press-credentialing rules.,,29,"Information must be approved for public release by an appropriate authorizing official before it is released, even if it is unclassified.",2025-09-21,outlet_report,2026-09-22,medium,superseded,,109,correction,seed-2026-09-22,2026-09-22T20:40:50Z
33,incident,13,stated_justification,Preventing leaks that damage operational and national security,The Pentagon framed the rules as a leak-prevention measure.,,31,an important step in preventing leaks that damage operational security and national security,,outlet_report,2026-09-22,medium,current,,,,seed-2026-09-22,2026-09-22T20:40:50Z
34,incident,13,effect_on_reporting,Reporters required to sign a pledge or lose access,Reporters faced a choice between signing the pledge or forfeiting Pentagon press credentials.,,31,The press is no longer allowed to roam the halls of a secure facility. Wear a badge and follow the rules — or go home.,,outlet_report,2026-09-22,medium,current,,,,seed-2026-09-22,2026-09-22T20:40:51Z
35,incident,13,status,"Rules struck down in part, revised, struck down again; Pentagon appealed","A federal judge ruled the credentialing rules violated constitutional protections in March 2026 and found the Pentagon's revised version was, in his words, ""an unlawful policy,"" again in April 2026; the Pentagon has appealed.",,103,"The department simply cannot reinstate an unlawful policy under the guise of taking 'new' action and expect the court to look the other way,",2026-04-09,outlet_report,2026-09-22,medium,current,,,,seed-2026-09-22,2026-09-22T20:40:52Z
36,incident,14,occurred_on,2025-05-01,Trump signed Executive Order 14290.,,80,"Executive Order 14290, titled ""Ending Taxpayer Subsidization of Biased Media"", is an executive order signed by U.S. president Donald Trump on May 1, 2025",,outlet_report,2026-09-22,medium,current,,,,seed-2026-09-22,2026-09-22T20:40:59Z
37,incident,14,stated_justification,Order alleges biased coverage by NPR and PBS,"The order and White House fact sheet said funding was ""corrosive to the appearance of journalistic independence"" and that NPR and PBS present coverage that is not ""fair, accurate or unbiased.""",,80,not only outdated and unnecessary but corrosive to the appearance of journalistic independence,,outlet_report,2026-09-22,medium,current,,,,seed-2026-09-22,2026-09-22T20:41:00Z
38,incident,14,effect_on_reporting,CPB funding to NPR and PBS targeted for elimination,The order directs agencies and CPB to stop funding NPR and PBS.,,83,"Neither entity presents a fair, accurate or unbiased portrayal of current events to tax-paying citizens",2025-05-02,outlet_report,2026-09-22,medium,current,,,,seed-2026-09-22,2026-09-22T20:41:00Z
39,incident,14,status,Contested by NPR and PBS,NPR and PBS said the president cannot unilaterally cut CPB's congressionally appropriated funding.,,83,CPB is not a federal executive agency subject to the President's authority. Congress directly authorized and funded CPB to be a private nonprofit corporation wholly independent of the federal government.,2025-05-02,outlet_report,2026-09-22,medium,current,,,,seed-2026-09-22,2026-09-22T20:41:01Z
40,incident,6,occurred_on,2025-03-15,USAGM began winding down VOA operations and placing staff on leave.,,22,"Most USAGM staff affected by this action will be placed on paid-administrative leave beginning Saturday, March 15, 2025, and remain on leave until further notice.",2025-03-21,outlet_report,2026-09-22,medium,current,,,,seed-2026-09-22,2026-09-22T20:41:05Z
41,incident,6,stated_justification,Reducing the federal bureaucracy,USAGM said the actions complied with a presidential executive order to shrink the federal bureaucracy.,,22,Obscene over-spending including a nearly quarter-of-a-million-dollar lease for a Pennsylvania Avenue high-rise that has no broadcasting facilities to meet the needs of the agency,2025-03-21,outlet_report,2026-09-22,medium,current,,,,seed-2026-09-22,2026-09-22T20:41:06Z
42,incident,6,effect_on_reporting,VOA broadcasts disrupted; staff placed on leave,VOA's programming to audiences abroad was interrupted as most staff were placed on administrative leave.,,23,"today's action will leave Voice of America unable to carry out its vital mission. That mission is especially critical today, when America's adversaries, like Iran, China, and Russia, are sinking billions of dollars into creating false narratives to discredit the United States.",2025-03-22,outlet_report,2026-09-22,medium,current,,,,seed-2026-09-22,2026-09-22T20:41:07Z
43,incident,6,status,"Court ordered operations restored, 2025-03-22",A federal judge invalidated the shutdown attempt and ordered VOA operations restored pending litigation.,,23,"temporarily enjoined defendants from taking actions to reduce USAGM's workforce (whether employees, contractors, or grantees)",2025-03-22,outlet_report,2026-09-22,medium,current,,,,seed-2026-09-22,2026-09-22T20:41:07Z
44,incident,8,effect_on_reporting,Acosta lost White House access for about ten days,Acosta could not access the White House grounds under his usual credential until the pass was restored.,,48,"your hard pass is restored,",2018-11-19,outlet_report,2026-09-22,medium,current,,,,seed-2026-09-22,2026-09-22T20:41:13Z
45,incident,8,status,Pass restored 2018-11-19; suit dropped,The White House restored Acosta's pass and CNN dropped its lawsuit.,,48,lawsuit is no longer necessary,2018-11-19,outlet_report,2026-09-22,medium,current,,,,seed-2026-09-22,2026-09-22T20:41:13Z
46,incident,8,occurred_on,2018-11-07,The White House revoked Acosta's hard pass following the press-conference exchange.,,109,The White House on Wednesday suspended the press pass of CNN correspondent Jim Acosta after he and President Donald Trump had a heated confrontation during a news conference.,2018-11-07,outlet_report,2026-09-22,medium,current,,,,seed-2026-09-22,2026-09-22T20:41:14Z
47,incident,8,stated_justification,Alleged physical contact with a White House intern,"The White House said Acosta placed his hands on an intern during the exchange, a characterization CNN disputed.",,110,placing his hands on a young woman just trying to do her job as a White House intern,2018-11-08,outlet_report,2026-09-22,medium,current,,,,seed-2026-09-22,2026-09-22T20:41:15Z
48,incident,9,occurred_on,2024-05-29,Louisiana's 25-foot police buffer zone law took effect.,,77,The bill to create such buffer zones around LEOs was signed into law Tuesday (May 28) by Republican Gov. Jeff Landry.,2024-05-29,outlet_report,2026-09-22,medium,superseded,,110,correction,seed-2026-09-22,2026-09-22T20:41:20Z
49,incident,9,stated_justification,Officer safety,The law was framed as protecting officers performing their duties.,,36,that person can't spit in my face when I'm making an arrest.,2024-08-01,outlet_report,2026-09-22,medium,current,,,,seed-2026-09-22,2026-09-22T20:41:20Z
50,incident,9,effect_on_reporting,25-foot minimum distance for filming police,"People, including journalists, who remain within 25 feet of a working law-enforcement officer after being told to back up can face jail time under the law.",,77,People can now face jail time in Louisiana for being within 25 feet of a working law enforcement officer who has asked or ordered them to back up.,2024-05-29,outlet_report,2026-09-22,medium,current,,,,seed-2026-09-22,2026-09-22T20:41:21Z
51,incident,9,status,Blocked by federal court pending appeal,A federal judge later blocked enforcement of the law.,,38,The preliminary injunction will be effective while the case is pending.,2025-01-31,outlet_report,2026-09-22,medium,current,,,,seed-2026-09-22,2026-09-22T20:41:22Z
52,incident,15,occurred_on,2025-01-31,Judge deGravelles issued the order blocking enforcement of the buffer-zone law.,,78,The preliminary injunction will be effective while the case is pending.,2025-01-31,outlet_report,2026-09-22,medium,current,,,,seed-2026-09-22,2026-09-22T20:41:26Z
53,incident,15,effect_on_reporting,Buffer-zone law enforcement blocked,Journalists and the public may film police from ordinary distances while the injunction remains in place.,,38,"The distance required is likely to impede Plaintiffs' non-obstructive newsgathering. … Therefore, the Act has a chilling effect on Plaintiffs' First Amendment rights.",2025-01-31,outlet_report,2026-09-22,medium,current,,,,seed-2026-09-22,2026-09-22T20:41:27Z
54,incident,15,status,Injunction in effect; appeal pending,The block on enforcement remained in place while Louisiana pursued an appeal.,,78,The preliminary injunction will be effective while the case is pending.,2025-01-31,outlet_report,2026-09-22,medium,current,,,,seed-2026-09-22,2026-09-22T20:41:27Z
55,incident,10,occurred_on,2025-01-01,Florida's Halo Law took effect.,,79,"The law goes into effect today, January 1, 2025.",2025-01-01,outlet_report,2026-09-22,medium,current,,,,seed-2026-09-22,2026-09-22T20:41:31Z
56,incident,10,stated_justification,First-responder safety,The law was framed as protecting first responders at active scenes.,,79,The Halo Law applies anywhere that first responders are actively performing their duties by creating a 25-foot buffer zone to allow them to carry on their duties.,2025-01-01,outlet_report,2026-09-22,medium,current,,,,seed-2026-09-22,2026-09-22T20:41:32Z
57,incident,10,effect_on_reporting,Buffer distance required around first responders,The law requires the public and journalists to keep a set distance from first responders once warned.,,39,"anyone who enters the area to 'harass, impede or threaten' first responders after receiving a warning will face up to 60 days in prison and a $500 fine",,outlet_report,2026-09-22,medium,current,,,,seed-2026-09-22,2026-09-22T20:41:33Z
58,incident,10,status,In effect,No reversal or injunction against Florida's law was identified.,,39,"In Florida, the law goes into effect on January 1, 2025.",,outlet_report,2026-09-22,medium,current,,,,seed-2026-09-22,2026-09-22T20:41:34Z
59,incident,16,occurred_on,1971-09-09,Colson's office sent the initial enemies-list memorandum to John Dean.,,41,"sent in memorandum form to John Dean on September 9, 1971",,outlet_report,2026-09-22,medium,current,,,,seed-2026-09-22,2026-09-22T20:41:37Z
60,incident,16,stated_justification,Not stated in the sources reviewed,No public justification was issued; internal memos described the intent privately.,,41,how we can use the available federal machinery to screw our political enemies,,outlet_report,2026-09-22,medium,current,,,,seed-2026-09-22,2026-09-22T20:41:38Z
61,incident,16,effect_on_reporting,Journalists named for potential federal scrutiny,Journalists were among the political opponents named for potential tax audits and other federal action.,,41,"Daniel Schorr, journalist",,outlet_report,2026-09-22,medium,current,,,,seed-2026-09-22,2026-09-22T20:41:39Z
62,incident,16,status,Historical; documented via Watergate investigations,The lists are part of the public historical record from the Watergate era.,,41,"sent in memorandum form to John Dean on September 9, 1971",,outlet_report,2026-09-22,medium,current,,,,seed-2026-09-22,2026-09-22T20:41:39Z
63,incident,17,occurred_on,2013-10-10,CPJ published its report documenting the Obama-era Espionage Act prosecutions.,,43,"Six government employees, plus two contractors including Edward Snowden, have been subjects of felony criminal prosecutions since 2009 under the 1917 Espionage Act, accused of leaking classified information to the press",2013-10-10,outlet_report,2026-09-22,medium,current,,,,seed-2026-09-22,2026-09-22T20:41:43Z
64,incident,17,stated_justification,Not stated in the sources reviewed as a single policy statement,Prosecutions were pursued case by case rather than under one publicly stated blanket policy.,,43,It was never a conscious decision to bring more of these cases than we ever had. It was a combination of things.,2013-10-10,outlet_report,2026-09-22,medium,current,,,,seed-2026-09-22,2026-09-22T20:41:44Z
65,incident,17,effect_on_reporting,Documented chilling effect on sources,Sources reported avoiding contact with journalists for fear leak investigations would expose them.,,43,I worry now about calling somebody because the contact can be found out through a check of phone records or e-mails.,2013-10-10,outlet_report,2026-09-22,medium,current,,,,seed-2026-09-22,2026-09-22T20:41:45Z
66,incident,17,status,Historical precedent,"The Department of Justice under Obama pursued more Espionage Act leak prosecutions than all prior administrations combined, a pattern later assessments compare later administrations against.",,45,The Department of Justice under Obama and Attorney General Eric Holder has used it more than all prior administrations combined.,,outlet_report,2026-09-22,medium,current,,,,seed-2026-09-22,2026-09-22T20:41:45Z
67,incident,18,occurred_on,2023-12-20,Hungary's National Sovereignty Protection Act was promulgated.,,54,the National Sovereignty Protection Act was promulgated by Hungarian President Katalin Novak yesterday (20 December),2023-12-21,outlet_report,2026-09-22,medium,current,,,,seed-2026-09-22,2026-09-22T20:41:49Z
68,incident,18,stated_justification,Protecting national sovereignty from foreign influence,"The law was framed as a defense against foreign influence over Hungarian institutions, including media.",,54,"is capable of severely restricting the freedom of the press, potentially making it difficult or even impossible for independent newsrooms, journalists and media companies to operate.",2023-12-21,outlet_report,2026-09-22,medium,current,,,,seed-2026-09-22,2026-09-22T20:41:50Z
69,incident,18,effect_on_reporting,Independent outlets faced investigation risk under the Sovereignty Protection Office,The office created by the law could investigate and stigmatize independent media as sovereignty threats.,,55,harass and delegitimize independent media by labeling them threats to national sovereignty,2026-07-22,outlet_report,2026-09-22,medium,current,,,,seed-2026-09-22,2026-09-22T20:41:51Z
70,incident,18,status,Sovereignty Protection Office abolished 2026-06-30,Hungary's new government abolished the office as part of initial 2026 media reforms.,,55,Hungary has a historic opportunity...to build a pluralistic media system that serves the public and cannot be politically captured again.,2026-07-22,outlet_report,2026-09-22,medium,current,,,,seed-2026-09-22,2026-09-22T20:41:52Z
71,incident,19,occurred_on,2026-02-10,Ravi Nair was sentenced to one year in prison over the defamation case.,,57,investigative journalist Ravi Nair was sentenced to one year's imprisonment for defamation over social media posts critical of the Adani Group.,,outlet_report,2026-09-22,medium,current,,,,seed-2026-09-22,2026-09-22T20:41:56Z
72,incident,19,effect_on_reporting,Documented pattern of arrests and legal pressure on journalists,CIVICUS documented the sentencing alongside other arrests and summonses of Indian journalists in the same period.,,57,"sedition and anti-terror laws were used to criminalise journalists, comedians, academics and students exercising their right to freedom of expression.",,outlet_report,2026-09-22,medium,current,,,,seed-2026-09-22,2026-09-22T20:41:56Z
73,incident,19,status,Sentence reported February 2026,CIVICUS reported the sentencing as of its 2026 monitoring.,,57,"convicted Nair and sentenced him to jail and a fine of 5,000 rupees (USD 55) for his posts between October 2020 and July 2021 on the X platform and articles on the Australian nonprofit Adani Watch investigative site.",,outlet_report,2026-09-22,medium,current,,,,seed-2026-09-22,2026-09-22T20:41:57Z
74,incident,20,occurred_on,2026-08-04,The law was signed into force.,,62,"Russian President Vladimir Putin signed the law into law on August 4, 2026. It entered into force the same day.",2026-07-29,outlet_report,2026-09-22,medium,current,,,,seed-2026-09-22,2026-09-22T20:42:02Z
75,incident,20,effect_on_reporting,Exiled journalists face frozen assets and denial of consular services,"The law enables freezing bank accounts, blocking property sales and denying passport renewal to designated exiled journalists.",,62,This new law adds yet another layer to an already extensive legal arsenal aimed at crushing independent journalism.,2026-07-29,outlet_report,2026-09-22,medium,current,,,,seed-2026-09-22,2026-09-22T20:42:02Z
76,incident,20,status,In effect,The law took effect upon signing.,,62,"Russian President Vladimir Putin signed the law into law on August 4, 2026. It entered into force the same day.",2026-07-29,outlet_report,2026-09-22,medium,current,,,,seed-2026-09-22,2026-09-22T20:42:03Z
77,incident,20,stated_justification,"Not stated as a discrete rationale beyond Russia's existing ""foreign agent"" framework",No specific stated justification beyond Russia's existing foreign-agent framework was documented.,,62,"On 24 July, the Russian parliament unanimously adopted a new law targeting Russians in exile who have been designated as 'foreign agents'",2026-07-29,outlet_report,2026-09-22,medium,current,,,,seed-2026-09-22,2026-09-22T20:42:04Z
78,incident,21,occurred_on,2026-04-01,CPJ reported the asset freeze occurred between February and April 2026.,,66,"Between February and April 2026, the Salvadoran government placed ""preventative annotations"" on a bank account and real estate property belonging to two partners of Trípode S.A. de C.V.",2026-05-08,outlet_report,2026-09-22,medium,current,,,,seed-2026-09-22,2026-09-22T20:42:08Z
79,incident,21,effect_on_reporting,Shareholders' personal assets frozen,CPJ described the freeze as affecting individual shareholders' personal assets.,,66,The targeting of individual shareholders' personal assets marks a dangerous escalation in the Bukele administration's long-standing effort to dismantle El Faro through administrative harassment.,2026-05-08,outlet_report,2026-09-22,medium,current,,,,seed-2026-09-22,2026-09-22T20:42:08Z
80,incident,21,status,Reported as of 2026-05-08; unresolved,"CPJ's report describing the freeze was published May 8, 2026, with no reported reversal.",,66,"Between February and April 2026, the Salvadoran government placed ""preventative annotations"" on a bank account and real estate property belonging to two partners of Trípode S.A. de C.V.",2026-05-08,outlet_report,2026-09-22,medium,current,,,,seed-2026-09-22,2026-09-22T20:42:09Z
81,incident,21,stated_justification,Not stated in the sources reviewed as a specific public rationale,No specific public rationale for the freeze was documented in CPJ's report.,,66,"Between February and April 2026, the Salvadoran government placed ""preventative annotations"" on a bank account and real estate property belonging to two partners of Trípode S.A. de C.V.",2026-05-08,outlet_report,2026-09-22,medium,current,,,,seed-2026-09-22,2026-09-22T20:42:10Z
82,incident,22,occurred_on,2025-12-14,Jimmy Lai was convicted on national-security and sedition charges.,,84,"On December 15, 2025, the High Court found Lai, 78, guilty of two counts of 'conspiracy to commit collusion with foreign forces' under the draconian National Security Law, and one count of 'conspiracy to publish seditious publications'",2025-12-15,outlet_report,2026-09-22,medium,superseded,,111,correction,seed-2026-09-22,2026-09-22T20:42:14Z
83,incident,22,stated_justification,Alleged collusion with foreign forces and seditious publication,Prosecutors framed the charges as a national-security matter tied to Apple Daily's coverage.,,84,The court ruled that Lai was the 'mastermind' of the alleged conspiracies in all three counts.,2025-12-15,outlet_report,2026-09-22,medium,current,,,,seed-2026-09-22,2026-09-22T20:42:15Z
84,incident,22,effect_on_reporting,Apple Daily closed,Apple Daily shut down in June 2021 after its accounts were frozen and its leadership arrested.,,68,"Apple Daily, says it is shutting down. Its accounts have been frozen and much of its top leadership has been arrested.",2026-05-03,outlet_report,2026-09-22,medium,current,,,,seed-2026-09-22,2026-09-22T20:42:16Z
85,incident,22,status,"Sentenced to 20 years, 2026-02-08",Lai was sentenced to 20 years in prison and remains imprisoned.,,84,The court ruled that Lai was the 'mastermind' of the alleged conspiracies in all three counts.,2025-12-15,outlet_report,2026-09-22,medium,current,,,,seed-2026-09-22,2026-09-22T20:42:16Z
86,incident,23,occurred_on,2025-03-19,Restrictions on journalists covering the protests began with Ismail Saymaz's detention.,,81,"On March 19, police detained freelance reporter and TV commentator İsmail Saymaz at his house in Istanbul.",2025-04-02,outlet_report,2026-09-22,medium,current,,,,seed-2026-09-22,2026-09-22T20:42:21Z
87,incident,23,stated_justification,Corruption accusations against Istanbul's opposition-led government,Authorities cited corruption allegations against the CHP-controlled Istanbul municipality as the basis for the underlying restrictions.,,81,accusations of corruption,2025-04-02,outlet_report,2026-09-22,medium,current,,,,seed-2026-09-22,2026-09-22T20:42:22Z
88,incident,23,effect_on_reporting,"At least 13 journalists detained, 14 injured, 1 deported","CPJ documented detentions, beatings and the deportation of BBC's Mark Lowen among journalists covering the protests.",,81,authorities have since arrested thousands of protesters and have moved aggressively to tamp down media coverage,2025-04-02,outlet_report,2026-09-22,medium,current,,,,seed-2026-09-22,2026-09-22T20:42:23Z
89,incident,23,status,Ongoing as of CPJ's 2025-04-02 report,CPJ's report described the restrictions as continuing amid mass arrests of protesters.,,81,press freedom advocates are concerned that authorities are deliberately targeting them to suppress coverage,2025-04-02,outlet_report,2026-09-22,medium,current,,,,seed-2026-09-22,2026-09-22T20:42:23Z
90,incident,1,action,"WHCA statement, 2026-09-18",The White House Correspondents' Association said the Constitution's press protections apply regardless of the president's approval of coverage.,,3,The Constitution protects the freedom of the press from government interference.,2026-09-18,official_statement,2026-09-22,medium,current,,,,seed-2026-09-22,2026-09-22T20:47:49Z
91,incident,1,scope_of_action,"Networks decline replacement pool, 2026-09-20",Other television networks declined to put a replacement pool crew in CNN's place after CNN's access was revoked.,,111,There will be no replacement pool put in place.,2026-09-20,outlet_report,2026-09-22,medium,current,,,,seed-2026-09-22,2026-09-22T20:47:49Z
92,incident,1,outlet_affected,"Hearing scheduled, 2026-09-23","A federal judge set an initial hearing for September 23, 2026 in the lawsuit CNN, MS NOW and Politico filed against Trump.",,113,"A federal judge set an initial court hearing for Wednesday, Sept. 23 in the lawsuit CNN, MS NOW and Politico filed against President Donald Trump",2026-09-22,outlet_report,2026-09-22,medium,current,,,,seed-2026-09-22,2026-09-22T20:47:50Z
93,incident,2,occurred_on,2025-10-15,"Reporters began vacating the Pentagon press workspace rather than sign the new rules, with a deadline of 2025-10-17 to remove belongings.",,31,"On October 15, reporters began vacating the press room at the Pentagon removing computer servers, furniture, television screens, soundproofing equipment and other items.",,outlet_report,2026-09-22,medium,current,,,,seed-2026-09-22,2026-09-22T20:48:06Z
94,incident,2,status,Unresolved as of this writing,No mass reinstatement of Pentagon credentials has been reported.,,31,"The court imposed a permanent injunction, and ordered the restoration of press credentials and access for the New York Times journalists.",,outlet_report,2026-09-22,medium,current,,,,seed-2026-09-22,2026-09-22T20:48:06Z
95,incident,3,status,Ongoing as of 2026-09-22,The change in pool control has not been reversed; the White House continued to select the pool as of September 2026.,,104,"Last year, the Trump White House upended a decades-long tradition of an independent association of journalists selecting members of the pool. The White House now picks and chooses which members of the media make up the pool.",2026-09-22,outlet_report,2026-09-22,medium,current,,,,seed-2026-09-22,2026-09-22T20:48:12Z
96,incident,4,occurred_on,2025-09-17,ABC suspended Jimmy Kimmel Live! the same day as Carr's remarks.,,28,Kimmel's late-night show was pulled from the air on September 17 hours after the U.S. government threatened to cancel broadcasting licenses,2025-09-19,outlet_report,2026-09-22,medium,current,,,,seed-2026-09-22,2026-09-22T20:48:16Z
97,incident,4,effect_on_reporting,"Show suspended by ABC, Nexstar and Sinclair",ABC and two large affiliate groups pulled or preempted the program within hours of Carr's remarks.,,28,"Nexstar and Sinclair Broadcast Group...announced they would pull Kimmel's show indefinitely. Then, so did ABC.",2025-09-19,outlet_report,2026-09-22,medium,current,,,,seed-2026-09-22,2026-09-22T20:48:17Z
98,incident,4,status,Show later reinstated on ABC,Jimmy Kimmel Live! returned to ABC's schedule after the suspension.,,112,"Kimmel's show is set to return on Tuesday night, after a weeklong impasse",2025-09-23,outlet_report,2026-09-22,medium,current,,,,seed-2026-09-22,2026-09-22T20:48:18Z
99,incident,5,occurred_on,2025-07-01,Paramount announced the $16 million settlement.,,82,"Paramount will settle President Trump's lawsuit over a ""60 Minutes"" interview with Kamala Harris for $16 million, the company announced late Tuesday.",2025-07-01,outlet_report,2026-09-22,medium,current,,,,seed-2026-09-22,2026-09-22T20:48:22Z
100,incident,5,effect_on_reporting,60 Minutes to release presidential-candidate interview transcripts,"The settlement obligates 60 Minutes to publish transcripts of future presidential-candidate interviews, subject to redactions.",,82,"Paramount also agreed that ""60 Minutes"" will release transcripts of interviews with presidential candidates in the future, ""subject to redactions as required for legal or national security concerns,"" the statement said.",2025-07-01,outlet_report,2026-09-22,medium,current,,,,seed-2026-09-22,2026-09-22T20:48:23Z
101,incident,5,status,Settled 2025-07-01,The lawsuit concluded with the $16 million settlement.,,82,"CBS News' parent company worked with a mediator to resolve the lawsuit. Under the agreement, $16 million will be allocated to Mr. Trump's future presidential library and the plaintiffs' fees and costs.",2025-07-01,outlet_report,2026-09-22,medium,current,,,,seed-2026-09-22,2026-09-22T20:48:24Z
102,incident,7,occurred_on,2025-04-25,Attorney General Bondi rescinded the Biden-era media guidelines.,,27,"On April 25, Attorney General Pam Bondi issued a memorandum to all U.S. Department of Justice employees titled '[Updated Policy Regarding Obtaining Information From, or Records of, Members of the News Media]",2025-04-25,outlet_report,2026-09-22,medium,current,,,,seed-2026-09-22,2026-09-22T20:48:36Z
103,incident,7,status,In effect,The rescission remains in force as of this writing.,,27,The text of the revised regulation confirms that Bondi has rescinded the reforms implemented by former Attorney General Merrick Garland in a 2021 memo and the 2022 rewrite of the 50.10 guidelines.,2025-04-25,outlet_report,2026-09-22,medium,current,,,,seed-2026-09-22,2026-09-22T20:48:37Z
104,incident,11,occurred_on,2026-01-07,A media-freedom body's statement condemning Israel's continued ban on foreign media access to Gaza was reported.,,61,"Instead of presenting a plan for allowing journalists into Gaza independently and letting us work alongside our brave Palestinian colleagues, the government has decided once again to lock us out.",2026-01-07,outlet_report,2026-09-22,medium,superseded,,113,update,seed-2026-09-22,2026-09-22T20:54:15Z
105,incident,11,status,In effect as of 2026-02-25,CPJ's February 2026 report described the access ban as ongoing.,,59,ban on independent foreign press access,2026-02-25,outlet_report,2026-09-22,medium,current,,,,seed-2026-09-22,2026-09-22T20:54:16Z
106,incident,1,stated_justification,"""FICTION and LIES""","Trump described the outlets' coverage as ""FICTION and LIES"" as his stated reason for the ban.",,1,FICTION and LIES,2026-09-19,outlet_report,2026-09-22,medium,current,2,,,seed-2026-09-22,2026-09-22T21:15:57Z
107,incident,1,status,Lawsuit filed 2026-09-21; hearing reported for 2026-09-23,"CNN, MS NOW and Politico filed suit against the White House and the President, seeking a declaration that the ban violates the Constitution and an injunction restoring access.",,10,filing a lawsuit today to protect our First Amendment rights and defend the principle that the government does not decide what the press reports or publishes.,2026-09-21,outlet_report,2026-09-22,medium,current,4,,,seed-2026-09-22,2026-09-22T21:15:57Z
108,incident,12,occurred_on,2025-02-11,"The White House first barred an Associated Press reporter from an Oval Office event on Tuesday, February 11, 2025.",,114,The White House blocked an Associated Press reporter from an event in the Oval Office on Tuesday because the news agency has not altered its style on the Gulf of Mexico,2025-02-12,outlet_report,2026-09-22,high,current,28,,,corrections-2026-09-22,2026-09-22T22:15:32Z
109,incident,13,occurred_on,2025-09-19,"The Pentagon's new press rules were made public on Friday, September 19, 2025, when officials confirmed them to reporters.",,115,"The Pentagon will drastically change its rules for journalists who cover the Department of Defense, two U.S. officials who are not authorized to speak publicly confirmed to NPR Friday.",2025-09-20,outlet_report,2026-09-22,medium,current,32,,,corrections-2026-09-22,2026-09-22T22:15:35Z
110,incident,9,occurred_on,2024-05-24,"Governor Jeff Landry signed HB 173 into law as Act No. 259 on May 24, 2024; it took effect on August 1, 2024.",,116,05/24 H Effective date: 08/01/2024. 05/24 H Signed by the Governor. Becomes Act No. 259.,2024-05-24,primary_document,2026-09-22,high,current,48,,,corrections-2026-09-22,2026-09-22T22:15:38Z
111,incident,22,occurred_on,2025-12-15,Jimmy Lai was convicted on national-security and sedition charges.,,84,"On December 15, 2025, the High Court found Lai, 78, guilty of two counts of 'conspiracy to commit collusion with foreign forces' under the draconian National Security Law, and one count of 'conspiracy to publish seditious publications'",2025-12-15,outlet_report,2026-09-22,medium,current,82,,,corrections-2026-09-22,2026-09-22T22:15:40Z
112,incident,11,effect_on_reporting,Coverage relies on Palestinian journalists working inside Gaza under direct risk,"With international correspondents barred from independent entry, Palestinian journalists carried the bulk of on-the-ground reporting.",,59,ban on independent foreign press access,2026-02-25,outlet_report,2026-09-22,medium,current,12,,,v2-wording,2026-09-22T22:15:53Z
113,incident,11,occurred_on,2026-01-07,A media-freedom body's statement condemning Israel's continued ban on independent international media access to Gaza was reported.,,61,"Instead of presenting a plan for allowing journalists into Gaza independently and letting us work alongside our brave Palestinian colleagues, the government has decided once again to lock us out.",2026-01-07,outlet_report,2026-09-22,medium,current,104,,,v2-wording,2026-09-22T22:15:53Z
