iso2,name,continent,region,press_freedom_rank_latest,press_freedom_rank_year,press_freedom_source_url,press_freedom_source_id,notes,updated_at
AD,Andorra,europe,Southern Europe,,,,,,
AE,United Arab Emirates,asia,Western Asia,,,,,,
AF,Afghanistan,asia,Southern Asia,,,,,,
AG,Antigua and Barbuda,north-america,Caribbean,,,,,,
AI,Anguilla,north-america,Caribbean,,,,,,
AL,Albania,europe,Southern Europe,,,,,,
AM,Armenia,asia,Western Asia,,,,,,
AO,Angola,africa,Middle Africa,,,,,,
AQ,Antarctica,antarctica,Antarctica,,,,,,
AR,Argentina,south-america,South America,98,2026,https://rsf.org/en/index,327,,2026-09-23T00:13:44Z
AS,American Samoa,oceania,Polynesia,,,,,,
AT,Austria,europe,Western Europe,,,,,,
AU,Australia,oceania,Australia and New Zealand,33,2026,https://rsf.org/en/index,327,,2026-09-23T00:13:45Z
AW,Aruba,north-america,Caribbean,,,,,,
AX,Åland Islands,europe,Northern Europe,,,,,,
AZ,Azerbaijan,asia,Western Asia,,,,,,
BA,Bosnia and Herzegovina,europe,Southern Europe,,,,,,
BB,Barbados,north-america,Caribbean,,,,,,
BD,Bangladesh,asia,Southern Asia,152,2026,https://rsf.org/en/index,327,,2026-09-23T00:13:47Z
BE,Belgium,europe,Western Europe,,,,,,
BF,Burkina Faso,africa,Western Africa,,,,,,
BG,Bulgaria,europe,Eastern Europe,,,,,,
BH,Bahrain,asia,Western Asia,,,,,,
BI,Burundi,africa,Eastern Africa,,,,,,
BJ,Benin,africa,Western Africa,,,,,,
BL,Saint Barthélemy,north-america,Caribbean,,,,,,
BM,Bermuda,north-america,Northern America,,,,,,
BN,Brunei,asia,South-eastern Asia,,,,,,
BO,Bolivia,south-america,South America,,,,,,
BQ,Caribbean Netherlands,north-america,Caribbean,,,,,,
BR,Brazil,south-america,South America,52,2026,https://rsf.org/en/index,327,,2026-09-23T00:13:48Z
BS,Bahamas,north-america,Caribbean,,,,,,
BT,Bhutan,asia,Southern Asia,,,,,,
BV,Bouvet Island,antarctica,South America,,,,,,
BW,Botswana,africa,Southern Africa,,,,,,
BY,Belarus,europe,Eastern Europe,165,2026,https://rsf.org/en/index,327,,2026-09-23T00:13:49Z
BZ,Belize,north-america,Central America,,,,,,
CA,Canada,north-america,Northern America,20,2026,https://rsf.org/en/index,327,,2026-09-23T00:13:50Z
CC,Cocos (Keeling) Islands,oceania,Australia and New Zealand,,,,,,
CD,Democratic Republic of the Congo,africa,Middle Africa,,,,,,
CF,Central African Republic,africa,Middle Africa,,,,,,
CG,Republic of the Congo,africa,Middle Africa,,,,,,
CH,Switzerland,europe,Western Europe,,,,,,
CI,Côte d'Ivoire,africa,Western Africa,,,,,,
CK,Cook Islands,oceania,Polynesia,,,,,,
CL,Chile,south-america,South America,70,2026,https://rsf.org/en/index,327,,2026-09-23T00:13:51Z
CM,Cameroon,africa,Middle Africa,,,,,,
CN,China,asia,Eastern Asia,178,2026,https://rsf.org/en/index,327,,2026-09-23T00:13:53Z
CO,Colombia,south-america,South America,,,,,,
CR,Costa Rica,north-america,Central America,,,,,,
CU,Cuba,north-america,Caribbean,,,,,,
CV,Cabo Verde,africa,Western Africa,,,,,,
CW,Curaçao,north-america,Caribbean,,,,,,
CX,Christmas Island,oceania,Australia and New Zealand,,,,,,
CY,Cyprus,asia,Western Asia,,,,,,
CZ,Czechia,europe,Eastern Europe,11,2026,https://rsf.org/en/country-czechia,329,,2026-09-23T00:14:39Z
DE,Germany,europe,Western Europe,14,2026,https://rsf.org/en/index,327,,2026-09-23T00:13:54Z
DJ,Djibouti,africa,Eastern Africa,,,,,,
DK,Denmark,europe,Northern Europe,,,,,,
DM,Dominica,north-america,Caribbean,,,,,,
DO,Dominican Republic,north-america,Caribbean,,,,,,
DZ,Algeria,africa,Northern Africa,,,,,,
EC,Ecuador,south-america,South America,125,2026,https://rsf.org/en/index,327,,2026-09-23T00:13:55Z
EE,Estonia,europe,Northern Europe,,,,,,
EG,Egypt,africa,Northern Africa,169,2026,https://rsf.org/en/index,327,,2026-09-23T00:13:56Z
EH,Western Sahara,africa,Northern Africa,,,,,,
ER,Eritrea,africa,Eastern Africa,,,,,,
ES,Spain,europe,Southern Europe,29,2026,https://rsf.org/en/index,327,,2026-09-23T00:13:57Z
ET,Ethiopia,africa,Eastern Africa,148,2026,https://rsf.org/en/index,327,,2026-09-23T00:13:59Z
FI,Finland,europe,Northern Europe,,,,,,
FJ,Fiji,oceania,Melanesia,,,,,,
FK,Falkland Islands,south-america,South America,,,,,,
FM,Micronesia,oceania,Micronesia,,,,,,
FO,Faroe Islands,europe,Northern Europe,,,,,,
FR,France,europe,Western Europe,,,,,,
GA,Gabon,africa,Middle Africa,,,,,,
GB,United Kingdom,europe,Northern Europe,18,2026,https://rsf.org/en/index,327,,2026-09-23T00:14:00Z
GD,Grenada,north-america,Caribbean,,,,,,
GE,Georgia,asia,Western Asia,135,2026,https://rsf.org/en/index,327,,2026-09-23T00:14:01Z
GF,French Guiana,south-america,South America,,,,,,
GG,Guernsey,europe,Northern Europe,,,,,,
GH,Ghana,africa,Western Africa,,,,,,
GI,Gibraltar,europe,Southern Europe,,,,,,
GL,Greenland,north-america,Northern America,,,,,,
GM,Gambia,africa,Western Africa,,,,,,
GN,Guinea,africa,Western Africa,,,,,,
GP,Guadeloupe,north-america,Caribbean,,,,,,
GQ,Equatorial Guinea,africa,Middle Africa,,,,,,
GR,Greece,europe,Southern Europe,,,,,,
GS,South Georgia and the South Sandwich Islands,antarctica,South America,,,,,,
GT,Guatemala,north-america,Central America,128,2026,https://rsf.org/en/index,327,,2026-09-23T00:14:02Z
GU,Guam,oceania,Micronesia,,,,,,
GW,Guinea-Bissau,africa,Western Africa,,,,,,
GY,Guyana,south-america,South America,,,,,,
HK,Hong Kong,asia,Eastern Asia,140,2026,https://rsf.org/en/index,327,,2026-09-23T00:14:04Z
HM,Heard Island and McDonald Islands,antarctica,Australia and New Zealand,,,,,,
HN,Honduras,north-america,Central America,,,,,,
HR,Croatia,europe,Southern Europe,,,,,,
HT,Haiti,north-america,Caribbean,107,2026,https://rsf.org/en/index,327,,2026-09-23T00:14:05Z
HU,Hungary,europe,Eastern Europe,74,2026,https://rsf.org/en/index,327,,2026-09-23T00:14:06Z
ID,Indonesia,asia,South-eastern Asia,,,,,,
IE,Ireland,europe,Northern Europe,,,,,,
IL,Israel,asia,Western Asia,116,2026,https://rsf.org/en/index,327,,2026-09-23T00:14:07Z
IM,Isle of Man,europe,Northern Europe,,,,,,
IN,India,asia,Southern Asia,157,2026,https://rsf.org/en/index,327,,2026-09-23T00:14:09Z
IO,British Indian Ocean Territory,africa,Eastern Africa,,,,,,
IQ,Iraq,asia,Western Asia,,,,,,
IR,Iran,asia,Southern Asia,177,2026,https://rsf.org/en/index,327,,2026-09-23T00:14:10Z
IS,Iceland,europe,Northern Europe,,,,,,
IT,Italy,europe,Southern Europe,,,,,,
JE,Jersey,europe,Northern Europe,,,,,,
JM,Jamaica,north-america,Caribbean,,,,,,
JO,Jordan,asia,Western Asia,,,,,,
JP,Japan,asia,Eastern Asia,,,,,,
KE,Kenya,africa,Eastern Africa,,,,,,
KG,Kyrgyzstan,asia,Central Asia,,,,,,
KH,Cambodia,asia,South-eastern Asia,151,2026,https://rsf.org/en/index,327,,2026-09-23T00:14:11Z
KI,Kiribati,oceania,Micronesia,,,,,,
KM,Comoros,africa,Eastern Africa,,,,,,
KN,Saint Kitts and Nevis,north-america,Caribbean,,,,,,
KP,North Korea,asia,Eastern Asia,,,,,,
KR,South Korea,asia,Eastern Asia,47,2026,https://rsf.org/en/index,327,,2026-09-23T00:14:13Z
KW,Kuwait,asia,Western Asia,,,,,,
KY,Cayman Islands,north-america,Caribbean,,,,,,
KZ,Kazakhstan,asia,Central Asia,,,,,,
LA,Laos,asia,South-eastern Asia,,,,,,
LB,Lebanon,asia,Western Asia,,,,,,
LC,Saint Lucia,north-america,Caribbean,,,,,,
LI,Liechtenstein,europe,Western Europe,,,,,,
LK,Sri Lanka,asia,Southern Asia,,,,,,
LR,Liberia,africa,Western Africa,,,,,,
LS,Lesotho,africa,Southern Africa,,,,,,
LT,Lithuania,europe,Northern Europe,,,,,,
LU,Luxembourg,europe,Western Europe,,,,,,
LV,Latvia,europe,Northern Europe,,,,,,
LY,Libya,africa,Northern Africa,,,,,,
MA,Morocco,africa,Northern Africa,,,,,,
MC,Monaco,europe,Western Europe,,,,,,
MD,Moldova,europe,Eastern Europe,,,,,,
ME,Montenegro,europe,Southern Europe,,,,,,
MF,Saint Martin,north-america,Caribbean,,,,,,
MG,Madagascar,africa,Eastern Africa,,,,,,
MH,Marshall Islands,oceania,Micronesia,,,,,,
MK,North Macedonia,europe,Southern Europe,,,,,,
ML,Mali,africa,Western Africa,,,,,,
MM,Myanmar,asia,South-eastern Asia,166,2026,https://rsf.org/en/index,327,,2026-09-23T00:14:14Z
MN,Mongolia,asia,Eastern Asia,,,,,,
MO,Macao,asia,Eastern Asia,,,,,,
MP,Northern Mariana Islands,oceania,Micronesia,,,,,,
MQ,Martinique,north-america,Caribbean,,,,,,
MR,Mauritania,africa,Western Africa,,,,,,
MS,Montserrat,north-america,Caribbean,,,,,,
MT,Malta,europe,Southern Europe,,,,,,
MU,Mauritius,africa,Eastern Africa,,,,,,
MV,Maldives,asia,Southern Asia,,,,,,
MW,Malawi,africa,Eastern Africa,,,,,,
MX,Mexico,north-america,Central America,,,,,,
MY,Malaysia,asia,South-eastern Asia,95,2026,https://rsf.org/en/index,327,,2026-09-23T00:14:15Z
MZ,Mozambique,africa,Eastern Africa,,,,,,
NA,Namibia,africa,Southern Africa,,,,,,
NC,New Caledonia,oceania,Melanesia,,,,,,
NE,Niger,africa,Western Africa,,,,,,
NF,Norfolk Island,oceania,Australia and New Zealand,,,,,,
NG,Nigeria,africa,Western Africa,112,2026,https://rsf.org/en/index,327,,2026-09-23T00:14:16Z
NI,Nicaragua,north-america,Central America,168,2026,https://rsf.org/en/index,327,,2026-09-23T00:14:18Z
NL,Netherlands,europe,Western Europe,,,,,,
NO,Norway,europe,Northern Europe,,,,,,
NP,Nepal,asia,Southern Asia,,,,,,
NR,Nauru,oceania,Micronesia,,,,,,
NU,Niue,oceania,Polynesia,,,,,,
NZ,New Zealand,oceania,Australia and New Zealand,,,,,,
OM,Oman,asia,Western Asia,,,,,,
PA,Panama,north-america,Central America,,,,,,
PE,Peru,south-america,South America,,,,,,
PF,French Polynesia,oceania,Polynesia,,,,,,
PG,Papua New Guinea,oceania,Melanesia,,,,,,
PH,Philippines,asia,South-eastern Asia,114,2026,https://rsf.org/en/index,327,,2026-09-23T00:14:19Z
PK,Pakistan,asia,Southern Asia,153,2026,https://rsf.org/en/index,327,,2026-09-23T00:14:20Z
PL,Poland,europe,Eastern Europe,27,2026,https://rsf.org/en/index,327,,2026-09-23T00:14:21Z
PM,Saint Pierre and Miquelon,north-america,Northern America,,,,,,
PN,Pitcairn Islands,oceania,Polynesia,,,,,,
PR,Puerto Rico,north-america,Caribbean,,,,,,
PS,Palestine,asia,Western Asia,,,,,,
PT,Portugal,europe,Southern Europe,10,2026,https://rsf.org/en/index,327,,2026-09-23T00:14:23Z
PW,Palau,oceania,Micronesia,,,,,,
PY,Paraguay,south-america,South America,,,,,,
QA,Qatar,asia,Western Asia,,,,,,
RE,Réunion,africa,Eastern Africa,,,,,,
RO,Romania,europe,Eastern Europe,,,,,,
RS,Serbia,europe,Southern Europe,104,2026,https://rsf.org/en/index,327,,2026-09-23T00:14:24Z
RU,Russia,europe,Eastern Europe,172,2026,https://rsf.org/en/index,327,,2026-09-23T00:14:25Z
RW,Rwanda,africa,Eastern Africa,,,,,,
SA,Saudi Arabia,asia,Western Asia,176,2026,https://rsf.org/en/index,327,,2026-09-23T00:14:26Z
SB,Solomon Islands,oceania,Melanesia,,,,,,
SC,Seychelles,africa,Eastern Africa,,,,,,
SD,Sudan,africa,Northern Africa,,,,,,
SE,Sweden,europe,Northern Europe,,,,,,
SG,Singapore,asia,South-eastern Asia,,,,,,
SH,"Saint Helena, Ascension and Tristan da Cunha",africa,Western Africa,,,,,,
SI,Slovenia,europe,Southern Europe,,,,,,
SJ,Svalbard and Jan Mayen,europe,Northern Europe,,,,,,
SK,Slovakia,europe,Eastern Europe,37,2026,https://rsf.org/en/index,327,,2026-09-23T00:14:28Z
SL,Sierra Leone,africa,Western Africa,,,,,,
SM,San Marino,europe,Southern Europe,,,,,,
SN,Senegal,africa,Western Africa,,,,,,
SO,Somalia,africa,Eastern Africa,,,,,,
SR,Suriname,south-america,South America,,,,,,
SS,South Sudan,africa,Eastern Africa,,,,,,
ST,São Tomé and Príncipe,africa,Middle Africa,,,,,,
SV,El Salvador,north-america,Central America,143,2026,https://rsf.org/en/country/el-salvador,328,,2026-09-23T00:14:38Z
SX,Sint Maarten,north-america,Caribbean,,,,,,
SY,Syria,asia,Western Asia,,,,,,
SZ,Eswatini,africa,Southern Africa,,,,,,
TC,Turks and Caicos Islands,north-america,Caribbean,,,,,,
TD,Chad,africa,Middle Africa,,,,,,
TF,French Southern Territories,antarctica,Eastern Africa,,,,,,
TG,Togo,africa,Western Africa,,,,,,
TH,Thailand,asia,South-eastern Asia,,,,,,
TJ,Tajikistan,asia,Central Asia,,,,,,
TK,Tokelau,oceania,Polynesia,,,,,,
TL,Timor-Leste,asia,South-eastern Asia,,,,,,
TM,Turkmenistan,asia,Central Asia,,,,,,
TN,Tunisia,africa,Northern Africa,137,2026,https://rsf.org/en/index,327,,2026-09-23T00:14:29Z
TO,Tonga,oceania,Polynesia,,,,,,
TR,Türkiye,asia,Western Asia,163,2026,https://rsf.org/en/index,327,,2026-09-23T00:14:30Z
TT,Trinidad and Tobago,north-america,Caribbean,,,,,,
TV,Tuvalu,oceania,Polynesia,,,,,,
TW,Taiwan,asia,Eastern Asia,,,,,,
TZ,Tanzania,africa,Eastern Africa,117,2026,https://rsf.org/en/index,327,,2026-09-23T00:14:32Z
UA,Ukraine,europe,Eastern Europe,,,,,,
UG,Uganda,africa,Eastern Africa,,,,,,
UM,United States Minor Outlying Islands,oceania,Micronesia,,,,,,
US,United States,north-america,Northern America,64,2026,https://rsf.org/en/index,327,,2026-09-23T00:14:33Z
UY,Uruguay,south-america,South America,,,,,,
UZ,Uzbekistan,asia,Central Asia,,,,,,
VA,Holy See,europe,Southern Europe,,,,,,
VC,Saint Vincent and the Grenadines,north-america,Caribbean,,,,,,
VE,Venezuela,south-america,South America,159,2026,https://rsf.org/en/index,327,,2026-09-23T00:14:34Z
VG,British Virgin Islands,north-america,Caribbean,,,,,,
VI,United States Virgin Islands,north-america,Caribbean,,,,,,
VN,Viet Nam,asia,South-eastern Asia,,,,,,
VU,Vanuatu,oceania,Melanesia,,,,,,
WF,Wallis and Futuna,oceania,Polynesia,,,,,,
WS,Samoa,oceania,Polynesia,,,,,,
XK,Kosovo,europe,Southern Europe,,,,,,
YE,Yemen,asia,Western Asia,,,,,,
YT,Mayotte,africa,Eastern Africa,,,,,,
ZA,South Africa,africa,Southern Africa,21,2026,https://rsf.org/en/index,327,,2026-09-23T00:14:35Z
ZM,Zambia,africa,Eastern Africa,,,,,,
ZW,Zimbabwe,africa,Eastern Africa,124,2026,https://rsf.org/en/index,327,,2026-09-23T00:14:37Z
