id,incident_id,case_id,occurred_on,occurred_on_precision,kind,label,claim_id,pub_state,created_at
1,1,,2026-09-18,day,announcement,"Trump announces CNN, MS NOW and Politico will be banned from the White House",1,published,2026-09-22T20:47:52Z
2,1,,2026-09-19,day,action,Secret Service deactivates the three outlets' hard passes; reporters denied entry,3,published,2026-09-22T20:47:53Z
3,1,,2026-09-19,day,statement,"WHCA statement on the White House's position on CNN, MS NOW and Politico",90,published,2026-09-22T20:47:54Z
4,1,,2026-09-20,day,action,Other pool networks decline to fill CNN's vacated rotating pool slot,91,published,2026-09-22T20:47:54Z
5,1,,2026-09-21,day,filing,"CNN, MS NOW and Politico file suit against Trump and the White House",4,published,2026-09-22T20:47:55Z
6,1,,2026-09-23,day,hearing,"Hearing scheduled in Cable News Network, Inc. v. Trump",92,published,2026-09-22T20:47:55Z
13,1,,2026-09-22,day,filing,Trump administration files opposition to the outlets' motion for a temporary restraining order,733,published,2026-09-23T13:12:11Z
14,1,,2026-09-24,day,ruling,Judge Timothy Kelly grants a temporary restraining order; White House told to reinstate the three outlets' hard passes,734,published,2026-09-24T09:49:53Z
15,1,,2026-09-24,day,action,Access restored after the order; CNN and MS NOW reporters denied entry to the state dinner arrival for Xi Jinping,736,published,2026-09-25T09:42:58Z
17,1,,2026-09-25,day,action,White House guidance replaces CNN with Real America's Voice News on Air Force One for the September 26 trip to Tennessee,738,published,2026-09-26T15:55:05Z
18,1,,2026-09-25,day,action,Network television pool resumes with CNN taking part,739,published,2026-09-26T15:55:06Z
19,1,,2026-09-24,day,filing,Outlets tell the court the White House has repeatedly violated the order; reporters regain entry around noon,743,published,2026-09-26T15:55:06Z
20,1,,2026-09-26,day,action,No television pool travels on Air Force One to Tennessee after CNN is left off; the other pool networks decline to take its place,984,published,2026-09-27T09:56:53Z
21,1,,2026-09-27,day,statement,Attorney General Todd Blanche says press access to the White House and Air Force One is a privilege,987,published,2026-09-28T09:45:02Z
22,1,,2026-09-27,day,action,"Network television camera crew films the president's public events again, a day after no TV pool traveled",988,published,2026-09-28T09:45:03Z
