id,slug,caption,short_name,court,court_level,docket,reporter_citation,filed_on,decided_on,judges,holding,status,courtlistener_url,unknowns,pub_state,published_at,reviewed_on,next_review_on,revision,created_at,updated_at
1,sherrill-v-knight-1977,Sherrill v. Knight,Sherrill v. Knight,United States Court of Appeals for the D.C. Circuit,appellate,,569 F.2d 124 (D.C. Cir. 1977),,1977-12-15,,"The D.C. Circuit held that the protection the First Amendment gives to newsgathering requires that White House press access not be denied arbitrarily or for less than compelling reasons, and that due process requires ""notice of the factual bases for denial, an opportunity for the applicant to respond to these, and a final written statement of the reasons for denial.""{c:13}{c:14}{c:15}{c:16}

Status as of 2026-09-22: Final.{c:13}{c:14}{c:15}{c:16}",decided,,,published,2026-09-22T20:43:02Z,2026-09-22,2026-12-22,27,2026-09-22T20:01:25Z,2026-09-22T22:31:11Z
2,cnn-v-trump-2018,"Cable News Network, Inc. v. Trump",CNN v. Trump,U.S. District Court for the District of Columbia,trial,1:18-cv-02610,,2018-11-13,2018-11-16,,"Judge Timothy J. Kelly granted CNN a temporary restraining order requiring the White House to reinstate Jim Acosta's hard pass, on due process grounds drawn from Sherrill v. Knight. The White House restored the pass and CNN dropped the suit.{c:17}{c:18}{c:19}

Status as of 2026-09-22: Dismissed.{c:17}{c:18}{c:19}",dismissed,,,published,2026-09-22T20:43:05Z,2026-09-22,2026-12-22,27,2026-09-22T20:01:27Z,2026-09-22T22:31:13Z
3,ap-v-budowich-2025,Associated Press v. Budowich,Associated Press v. Budowich,U.S. District Court for the District of Columbia; U.S. Court of Appeals for the D.C. Circuit,trial,1:25-cv-00532 (D.D.C.); No. 25-5109 (D.C. Cir.),,2025-02-21,2025-06-06,,"The district court (Judge Trevor N. McFadden, 2025-04-08) granted a preliminary injunction ordering AP's access restored and then stayed it pending appeal. A D.C. Circuit panel (Judges Pillard, Katsas and Rao, 2025-06-06) granted a partial stay, 2 to 1, holding that the Oval Office, Air Force One, Mar-a-Lago and the Cabinet Room are restricted spaces where access is a matter of presidential discretion, and leaving AP's East Room access in place; Judge Pillard dissented. The full D.C. Circuit denied rehearing en banc on 2025-07-22.{c:20}{c:21}{c:22}{c:23}

Status as of 2026-09-22: On appeal.{c:20}{c:21}{c:22}{c:23}",on_appeal,,,published,2026-09-22T20:43:08Z,2026-09-22,2026-12-22,27,2026-09-22T20:01:28Z,2026-09-22T22:31:14Z
4,cnn-msnow-politico-v-trump-2026,"Cable News Network, Inc. v. Trump",CNN v. Trump,U.S. District Court for the District of Columbia,trial,1:26-cv-03287,,2026-09-21,,,"Not yet decided.{c:24}{c:25}{c:26}{c:27}

Status as of 2026-09-22: Pending.{c:24}{c:25}{c:26}{c:27}",pending,,,published,2026-09-22T20:43:10Z,2026-09-22,2026-12-22,22,2026-09-22T20:40:36Z,2026-09-22T22:31:15Z
